<annotation>
	<folder>Train</folder>
	<filename>E.0c8d21c0-5306-11ed-906f-34363bc7df40.jpg</filename>
	<path>/Users/safasalih/Desktop/sign/Tensorflow/workspace/images/collectedimages/Train/E.0c8d21c0-5306-11ed-906f-34363bc7df40.jpg</path>
	<source>
		<database>Unknown</database>
	</source>
	<size>
		<width>1280</width>
		<height>720</height>
		<depth>3</depth>
	</size>
	<segmented>0</segmented>
	<object>
		<name>E</name>
		<pose>Unspecified</pose>
		<truncated>0</truncated>
		<difficult>0</difficult>
		<bndbox>
			<xmin>594</xmin>
			<ymin>136</ymin>
			<xmax>855</xmax>
			<ymax>501</ymax>
		</bndbox>
	</object>
</annotation>
