<annotation>
	<folder>test</folder>
	<filename>F17_jpg.rf.a40061f59882dcff7033293efbb5309d.jpg</filename>
	<path>/Users/safasalih/Downloads/American Sign Language Letters.v6-raw.tensorflow/test/F17_jpg.rf.a40061f59882dcff7033293efbb5309d.jpg</path>
	<source>
		<database>Unknown</database>
	</source>
	<size>
		<width>1536</width>
		<height>2048</height>
		<depth>3</depth>
	</size>
	<segmented>0</segmented>
	<object>
		<name>F</name>
		<pose>Unspecified</pose>
		<truncated>0</truncated>
		<difficult>0</difficult>
		<bndbox>
			<xmin>362</xmin>
			<ymin>358</ymin>
			<xmax>1021</xmax>
			<ymax>1662</ymax>
		</bndbox>
	</object>
</annotation>
