<annotation>
	<folder>test</folder>
	<filename>F3_jpg.rf.821820b1f168e022aac1f90cbefc8556.jpg</filename>
	<path>/Users/safasalih/Downloads/American Sign Language Letters.v6-raw.tensorflow/test/F3_jpg.rf.821820b1f168e022aac1f90cbefc8556.jpg</path>
	<source>
		<database>Unknown</database>
	</source>
	<size>
		<width>1536</width>
		<height>2047</height>
		<depth>3</depth>
	</size>
	<segmented>0</segmented>
	<object>
		<name>F</name>
		<pose>Unspecified</pose>
		<truncated>0</truncated>
		<difficult>0</difficult>
		<bndbox>
			<xmin>300</xmin>
			<ymin>316</ymin>
			<xmax>997</xmax>
			<ymax>1419</ymax>
		</bndbox>
	</object>
</annotation>
