<annotation>
	<folder>Train</folder>
	<filename>I.612c3978-5306-11ed-906f-34363bc7df40.jpg</filename>
	<path>/Users/safasalih/Desktop/sign/Tensorflow/workspace/images/collectedimages/Train/I.612c3978-5306-11ed-906f-34363bc7df40.jpg</path>
	<source>
		<database>Unknown</database>
	</source>
	<size>
		<width>1280</width>
		<height>720</height>
		<depth>3</depth>
	</size>
	<segmented>0</segmented>
	<object>
		<name>I</name>
		<pose>Unspecified</pose>
		<truncated>0</truncated>
		<difficult>0</difficult>
		<bndbox>
			<xmin>406</xmin>
			<ymin>125</ymin>
			<xmax>700</xmax>
			<ymax>629</ymax>
		</bndbox>
	</object>
</annotation>
