<annotation>
	<folder>test</folder>
	<filename>I17_jpg.rf.65a01dafddd89d50f86c1107b7a7b8b8.jpg</filename>
	<path>/Users/safasalih/Downloads/American Sign Language Letters.v6-raw.tensorflow/test/I17_jpg.rf.65a01dafddd89d50f86c1107b7a7b8b8.jpg</path>
	<source>
		<database>Unknown</database>
	</source>
	<size>
		<width>1536</width>
		<height>2047</height>
		<depth>3</depth>
	</size>
	<segmented>0</segmented>
	<object>
		<name>I</name>
		<pose>Unspecified</pose>
		<truncated>0</truncated>
		<difficult>0</difficult>
		<bndbox>
			<xmin>345</xmin>
			<ymin>681</ymin>
			<xmax>1018</xmax>
			<ymax>1440</ymax>
		</bndbox>
	</object>
</annotation>
