<annotation>
	<folder>test</folder>
	<filename>K12_jpg.rf.e7621b9ac4dc676d88b916f1e5cda709.jpg</filename>
	<path>/Users/safasalih/Downloads/American Sign Language Letters.v6-raw.tensorflow/test/K12_jpg.rf.e7621b9ac4dc676d88b916f1e5cda709.jpg</path>
	<source>
		<database>Unknown</database>
	</source>
	<size>
		<width>1536</width>
		<height>2047</height>
		<depth>3</depth>
	</size>
	<segmented>0</segmented>
	<object>
		<name>K</name>
		<pose>Unspecified</pose>
		<truncated>0</truncated>
		<difficult>0</difficult>
		<bndbox>
			<xmin>259</xmin>
			<ymin>230</ymin>
			<xmax>1328</xmax>
			<ymax>1843</ymax>
		</bndbox>
	</object>
</annotation>
