<annotation>
	<folder>test</folder>
	<filename>K6_jpg.rf.a3b932a3a824b19a099674c91af0dc58.jpg</filename>
	<path>/Users/safasalih/Downloads/American Sign Language Letters.v6-raw.tensorflow/test/K6_jpg.rf.a3b932a3a824b19a099674c91af0dc58.jpg</path>
	<source>
		<database>Unknown</database>
	</source>
	<size>
		<width>1536</width>
		<height>2048</height>
		<depth>3</depth>
	</size>
	<segmented>0</segmented>
	<object>
		<name>K</name>
		<pose>Unspecified</pose>
		<truncated>0</truncated>
		<difficult>0</difficult>
		<bndbox>
			<xmin>90</xmin>
			<ymin>389</ymin>
			<xmax>1104</xmax>
			<ymax>1865</ymax>
		</bndbox>
	</object>
</annotation>
