<annotation>
	<folder>Train</folder>
	<filename>M.b2ded564-5306-11ed-906f-34363bc7df40.jpg</filename>
	<path>/Users/safasalih/Desktop/sign/Tensorflow/workspace/images/collectedimages/Train/M.b2ded564-5306-11ed-906f-34363bc7df40.jpg</path>
	<source>
		<database>Unknown</database>
	</source>
	<size>
		<width>1280</width>
		<height>720</height>
		<depth>3</depth>
	</size>
	<segmented>0</segmented>
	<object>
		<name>M</name>
		<pose>Unspecified</pose>
		<truncated>0</truncated>
		<difficult>0</difficult>
		<bndbox>
			<xmin>413</xmin>
			<ymin>199</ymin>
			<xmax>755</xmax>
			<ymax>591</ymax>
		</bndbox>
	</object>
</annotation>
