<annotation>
	<folder>test</folder>
	<filename>M24_jpg.rf.2da99cf9a7856027cfd16777db60347e.jpg</filename>
	<path>/Users/safasalih/Downloads/American Sign Language Letters.v6-raw.tensorflow/test/M24_jpg.rf.2da99cf9a7856027cfd16777db60347e.jpg</path>
	<source>
		<database>Unknown</database>
	</source>
	<size>
		<width>1536</width>
		<height>2047</height>
		<depth>3</depth>
	</size>
	<segmented>0</segmented>
	<object>
		<name>M</name>
		<pose>Unspecified</pose>
		<truncated>0</truncated>
		<difficult>0</difficult>
		<bndbox>
			<xmin>411</xmin>
			<ymin>692</ymin>
			<xmax>1007</xmax>
			<ymax>1416</ymax>
		</bndbox>
	</object>
</annotation>
