<annotation>
	<folder>test</folder>
	<filename>N6_jpg.rf.96bb3317002c34f2486a2c173841d03b.jpg</filename>
	<path>/Users/safasalih/Downloads/American Sign Language Letters.v6-raw.tensorflow/test/N6_jpg.rf.96bb3317002c34f2486a2c173841d03b.jpg</path>
	<source>
		<database>Unknown</database>
	</source>
	<size>
		<width>1536</width>
		<height>2047</height>
		<depth>3</depth>
	</size>
	<segmented>0</segmented>
	<object>
		<name>N</name>
		<pose>Unspecified</pose>
		<truncated>0</truncated>
		<difficult>0</difficult>
		<bndbox>
			<xmin>276</xmin>
			<ymin>640</ymin>
			<xmax>1300</xmax>
			<ymax>1643</ymax>
		</bndbox>
	</object>
</annotation>
