<annotation>
	<folder>test</folder>
	<filename>N9_jpg.rf.dc987fd08bc9e141837af122cb2ea5f2.jpg</filename>
	<path>/Users/safasalih/Downloads/American Sign Language Letters.v6-raw.tensorflow/test/N9_jpg.rf.dc987fd08bc9e141837af122cb2ea5f2.jpg</path>
	<source>
		<database>Unknown</database>
	</source>
	<size>
		<width>1536</width>
		<height>2047</height>
		<depth>3</depth>
	</size>
	<segmented>0</segmented>
	<object>
		<name>N</name>
		<pose>Unspecified</pose>
		<truncated>0</truncated>
		<difficult>0</difficult>
		<bndbox>
			<xmin>390</xmin>
			<ymin>640</ymin>
			<xmax>1521</xmax>
			<ymax>1850</ymax>
		</bndbox>
	</object>
</annotation>
