<annotation>
	<folder>test</folder>
	<filename>O20_jpg.rf.f167c6238fcd0a98510397a5927f0ceb.jpg</filename>
	<path>/Users/safasalih/Downloads/American Sign Language Letters.v6-raw.tensorflow/test/O20_jpg.rf.f167c6238fcd0a98510397a5927f0ceb.jpg</path>
	<source>
		<database>Unknown</database>
	</source>
	<size>
		<width>1536</width>
		<height>2047</height>
		<depth>3</depth>
	</size>
	<segmented>0</segmented>
	<object>
		<name>O</name>
		<pose>Unspecified</pose>
		<truncated>0</truncated>
		<difficult>0</difficult>
		<bndbox>
			<xmin>431</xmin>
			<ymin>695</ymin>
			<xmax>1287</xmax>
			<ymax>1598</ymax>
		</bndbox>
	</object>
</annotation>
