<annotation>
	<folder>Train</folder>
	<filename>P.f58bdf1a-5306-11ed-906f-34363bc7df40.jpg</filename>
	<path>/Users/safasalih/Desktop/sign/Tensorflow/workspace/images/collectedimages/Train/P.f58bdf1a-5306-11ed-906f-34363bc7df40.jpg</path>
	<source>
		<database>Unknown</database>
	</source>
	<size>
		<width>1280</width>
		<height>720</height>
		<depth>3</depth>
	</size>
	<segmented>0</segmented>
	<object>
		<name>P</name>
		<pose>Unspecified</pose>
		<truncated>0</truncated>
		<difficult>0</difficult>
		<bndbox>
			<xmin>288</xmin>
			<ymin>134</ymin>
			<xmax>768</xmax>
			<ymax>438</ymax>
		</bndbox>
	</object>
</annotation>
