<annotation>
	<folder>test</folder>
	<filename>P24_jpg.rf.a0d5b4ae0e6c6a449e034ec4e05c35a6.jpg</filename>
	<path>/Users/safasalih/Downloads/American Sign Language Letters.v6-raw.tensorflow/test/P24_jpg.rf.a0d5b4ae0e6c6a449e034ec4e05c35a6.jpg</path>
	<source>
		<database>Unknown</database>
	</source>
	<size>
		<width>1536</width>
		<height>2047</height>
		<depth>3</depth>
	</size>
	<segmented>0</segmented>
	<object>
		<name>P</name>
		<pose>Unspecified</pose>
		<truncated>0</truncated>
		<difficult>0</difficult>
		<bndbox>
			<xmin>235</xmin>
			<ymin>1157</ymin>
			<xmax>1131</xmax>
			<ymax>1688</ymax>
		</bndbox>
	</object>
</annotation>
