<annotation>
	<folder>Train</folder>
	<filename>Q.522658ec-526a-11ed-a5e8-34363bc7df40.jpg</filename>
	<path>/Users/safasalih/Desktop/sign/Tensorflow/workspace/images/collectedimages/Train/Q.522658ec-526a-11ed-a5e8-34363bc7df40.jpg</path>
	<source>
		<database>Unknown</database>
	</source>
	<size>
		<width>1280</width>
		<height>720</height>
		<depth>3</depth>
	</size>
	<segmented>0</segmented>
	<object>
		<name>Q</name>
		<pose>Unspecified</pose>
		<truncated>0</truncated>
		<difficult>0</difficult>
		<bndbox>
			<xmin>443</xmin>
			<ymin>419</ymin>
			<xmax>853</xmax>
			<ymax>687</ymax>
		</bndbox>
	</object>
</annotation>
