<annotation>
	<folder>Train</folder>
	<filename>R.1feb1c08-5307-11ed-906f-34363bc7df40.jpg</filename>
	<path>/Users/safasalih/Desktop/sign/Tensorflow/workspace/images/collectedimages/Train/R.1feb1c08-5307-11ed-906f-34363bc7df40.jpg</path>
	<source>
		<database>Unknown</database>
	</source>
	<size>
		<width>1280</width>
		<height>720</height>
		<depth>3</depth>
	</size>
	<segmented>0</segmented>
	<object>
		<name>R</name>
		<pose>Unspecified</pose>
		<truncated>0</truncated>
		<difficult>0</difficult>
		<bndbox>
			<xmin>437</xmin>
			<ymin>131</ymin>
			<xmax>737</xmax>
			<ymax>672</ymax>
		</bndbox>
	</object>
</annotation>
