<annotation>
	<folder>test</folder>
	<filename>S16_jpg.rf.564f549a39659e2f1e5119cba2b04457.jpg</filename>
	<path>/Users/safasalih/Downloads/American Sign Language Letters.v6-raw.tensorflow/test/S16_jpg.rf.564f549a39659e2f1e5119cba2b04457.jpg</path>
	<source>
		<database>Unknown</database>
	</source>
	<size>
		<width>1536</width>
		<height>2047</height>
		<depth>3</depth>
	</size>
	<segmented>0</segmented>
	<object>
		<name>S</name>
		<pose>Unspecified</pose>
		<truncated>0</truncated>
		<difficult>0</difficult>
		<bndbox>
			<xmin>252</xmin>
			<ymin>850</ymin>
			<xmax>1159</xmax>
			<ymax>1733</ymax>
		</bndbox>
	</object>
</annotation>
