<annotation>
	<folder>test</folder>
	<filename>T13_jpg.rf.839a527b6f5e07ccacfeb686f209a1c5.jpg</filename>
	<path>/Users/safasalih/Downloads/American Sign Language Letters.v6-raw.tensorflow/test/T13_jpg.rf.839a527b6f5e07ccacfeb686f209a1c5.jpg</path>
	<source>
		<database>Unknown</database>
	</source>
	<size>
		<width>1536</width>
		<height>2047</height>
		<depth>3</depth>
	</size>
	<segmented>0</segmented>
	<object>
		<name>T</name>
		<pose>Unspecified</pose>
		<truncated>0</truncated>
		<difficult>0</difficult>
		<bndbox>
			<xmin>311</xmin>
			<ymin>512</ymin>
			<xmax>1211</xmax>
			<ymax>1498</ymax>
		</bndbox>
	</object>
</annotation>
