<annotation>
	<folder>test</folder>
	<filename>T1_jpg.rf.7fbad94dd6812c404f3164a3da131f99.jpg</filename>
	<path>/Users/safasalih/Downloads/American Sign Language Letters.v6-raw.tensorflow/test/T1_jpg.rf.7fbad94dd6812c404f3164a3da131f99.jpg</path>
	<source>
		<database>Unknown</database>
	</source>
	<size>
		<width>1536</width>
		<height>2048</height>
		<depth>3</depth>
	</size>
	<segmented>0</segmented>
	<object>
		<name>T</name>
		<pose>Unspecified</pose>
		<truncated>0</truncated>
		<difficult>0</difficult>
		<bndbox>
			<xmin>418</xmin>
			<ymin>665</ymin>
			<xmax>1287</xmax>
			<ymax>1479</ymax>
		</bndbox>
	</object>
</annotation>
