<annotation>
	<folder>test</folder>
	<filename>V10_jpg.rf.8f9b09d85be0635d0ec55beb83ff69f1.jpg</filename>
	<path>/Users/safasalih/Downloads/American Sign Language Letters.v6-raw.tensorflow/test/V10_jpg.rf.8f9b09d85be0635d0ec55beb83ff69f1.jpg</path>
	<source>
		<database>Unknown</database>
	</source>
	<size>
		<width>1536</width>
		<height>2048</height>
		<depth>3</depth>
	</size>
	<segmented>0</segmented>
	<object>
		<name>V</name>
		<pose>Unspecified</pose>
		<truncated>0</truncated>
		<difficult>0</difficult>
		<bndbox>
			<xmin>466</xmin>
			<ymin>437</ymin>
			<xmax>1031</xmax>
			<ymax>1686</ymax>
		</bndbox>
	</object>
</annotation>
