<annotation>
	<folder>test</folder>
	<filename>W16_jpg.rf.0b97a9243ab613f62060e909566732d6.jpg</filename>
	<path>/Users/safasalih/Downloads/American Sign Language Letters.v6-raw.tensorflow/test/W16_jpg.rf.0b97a9243ab613f62060e909566732d6.jpg</path>
	<source>
		<database>Unknown</database>
	</source>
	<size>
		<width>1536</width>
		<height>2048</height>
		<depth>3</depth>
	</size>
	<segmented>0</segmented>
	<object>
		<name>W</name>
		<pose>Unspecified</pose>
		<truncated>1</truncated>
		<difficult>0</difficult>
		<bndbox>
			<xmin>293</xmin>
			<ymin>375</ymin>
			<xmax>1380</xmax>
			<ymax>2048</ymax>
		</bndbox>
	</object>
</annotation>
