<annotation>
	<folder>test</folder>
	<filename>W19_jpg.rf.2f4bf61ad59615fe995365f72373d535.jpg</filename>
	<path>/Users/safasalih/Downloads/American Sign Language Letters.v6-raw.tensorflow/test/W19_jpg.rf.2f4bf61ad59615fe995365f72373d535.jpg</path>
	<source>
		<database>Unknown</database>
	</source>
	<size>
		<width>1536</width>
		<height>2047</height>
		<depth>3</depth>
	</size>
	<segmented>0</segmented>
	<object>
		<name>W</name>
		<pose>Unspecified</pose>
		<truncated>1</truncated>
		<difficult>0</difficult>
		<bndbox>
			<xmin>221</xmin>
			<ymin>588</ymin>
			<xmax>1204</xmax>
			<ymax>2047</ymax>
		</bndbox>
	</object>
</annotation>
