<annotation>
	<folder>test</folder>
	<filename>W23_jpg.rf.3024e1128efb18ab4dfc7dd080a91627.jpg</filename>
	<path>/Users/safasalih/Downloads/American Sign Language Letters.v6-raw.tensorflow/test/W23_jpg.rf.3024e1128efb18ab4dfc7dd080a91627.jpg</path>
	<source>
		<database>Unknown</database>
	</source>
	<size>
		<width>1536</width>
		<height>2048</height>
		<depth>3</depth>
	</size>
	<segmented>0</segmented>
	<object>
		<name>W</name>
		<pose>Unspecified</pose>
		<truncated>0</truncated>
		<difficult>0</difficult>
		<bndbox>
			<xmin>318</xmin>
			<ymin>362</ymin>
			<xmax>1259</xmax>
			<ymax>2006</ymax>
		</bndbox>
	</object>
</annotation>
