<annotation>
	<folder>test</folder>
	<filename>W24_jpg.rf.dbfdb7d33820829a3219169eaea1868c.jpg</filename>
	<path>/Users/safasalih/Downloads/American Sign Language Letters.v6-raw.tensorflow/test/W24_jpg.rf.dbfdb7d33820829a3219169eaea1868c.jpg</path>
	<source>
		<database>Unknown</database>
	</source>
	<size>
		<width>1536</width>
		<height>2047</height>
		<depth>3</depth>
	</size>
	<segmented>0</segmented>
	<object>
		<name>W</name>
		<pose>Unspecified</pose>
		<truncated>0</truncated>
		<difficult>0</difficult>
		<bndbox>
			<xmin>352</xmin>
			<ymin>533</ymin>
			<xmax>1100</xmax>
			<ymax>1940</ymax>
		</bndbox>
	</object>
</annotation>
