<annotation>
	<folder>test</folder>
	<filename>X24_jpg.rf.2f47bb5616edd9011a4c4a62ab60dfdf.jpg</filename>
	<path>/Users/safasalih/Downloads/American Sign Language Letters.v6-raw.tensorflow/test/X24_jpg.rf.2f47bb5616edd9011a4c4a62ab60dfdf.jpg</path>
	<source>
		<database>Unknown</database>
	</source>
	<size>
		<width>1536</width>
		<height>2047</height>
		<depth>3</depth>
	</size>
	<segmented>0</segmented>
	<object>
		<name>X</name>
		<pose>Unspecified</pose>
		<truncated>0</truncated>
		<difficult>0</difficult>
		<bndbox>
			<xmin>221</xmin>
			<ymin>692</ymin>
			<xmax>862</xmax>
			<ymax>1581</ymax>
		</bndbox>
	</object>
</annotation>
