<annotation>
	<folder>test</folder>
	<filename>Y25_jpg.rf.8cb4a34c1098f54c90bfeab91738fd9a.jpg</filename>
	<path>/Users/safasalih/Downloads/American Sign Language Letters.v6-raw.tensorflow/test/Y25_jpg.rf.8cb4a34c1098f54c90bfeab91738fd9a.jpg</path>
	<source>
		<database>Unknown</database>
	</source>
	<size>
		<width>1536</width>
		<height>2047</height>
		<depth>3</depth>
	</size>
	<segmented>0</segmented>
	<object>
		<name>Y</name>
		<pose>Unspecified</pose>
		<truncated>0</truncated>
		<difficult>0</difficult>
		<bndbox>
			<xmin>362</xmin>
			<ymin>685</ymin>
			<xmax>1100</xmax>
			<ymax>1274</ymax>
		</bndbox>
	</object>
</annotation>
